year,keyword,count
2014,agroekoloji,5
2014,arazi degradasyonu,3
2014,bütüncül biyolojik i̇zleme,6
2014,bütüncül planlı otlatma,7
2014,bütüncül yönetim,54
2014,canlandırıcı tarım,2
2014,doğa dostu tarım,5
2014,doğa temelli çözümler,7
2014,dönüm hattı tasarımı,3
2014,dönüşümlü ekim,4
2014,ekolojik onarım,27
2014,iklim dostu tarım,15
2014,insan dostu tarım,20
2014,i̇yi tarım uygulamları,30
2014,kompost özütü,1
2014,konvansiyonel hayvancılık,20
2014,meraların onarımı,18
2014,monokültür tarım,13
2014,onarıcı tarım,3
2014,onarım çağı,23
2014,organik tarım,51
2014,permakültür,36
2014,pestisit kullanımı,25
2014,planlı otlatma,3
2014,pozitif tarım,22
2014,savory enstitüsü,5
2014,sürdürülebilir tarım,38
2014,toprak i̇şlemesiz tarım,4
2014,topraktaki organik madde miktarı,22
2014,toprağın su tutma kapasitesi,32
2014,toğrağa karbon gömme,11
2014,yenileyici tarım,13
2014,yeşil gübreleme,22
2014,yoğun otlatma,4
2015,agroekoloji,5
2015,arazi degradasyonu,2
2015,bütüncül biyolojik i̇zleme,9
2015,bütüncül planlı otlatma,5
2015,bütüncül yönetim,51
2015,canlandırıcı tarım,2
2015,doğa dostu tarım,8
2015,doğa temelli çözümler,4
2015,dönüm hattı tasarımı,1
2015,dönüşümlü ekim,7
2015,ekolojik onarım,28
2015,fukuoka doğal tarım yöntemi,2
2015,iklim dostu tarım,24
2015,insan dostu tarım,31
2015,i̇yi tarım uygulamları,45
2015,konvansiyonel hayvancılık,24
2015,meraların onarımı,14
2015,monokültür tarım,31
2015,onarıcı tarım,12
2015,onarım çağı,16
2015,organik tarım,58
2015,permakültür,51
2015,pestisit kullanımı,25
2015,planlı otlatma,6
2015,pozitif tarım,21
2015,savory enstitüsü,1
2015,sürdürülebilir tarım,39
2015,sürmesiz tarım,1
2015,toprak i̇şlemesiz tarım,9
2015,topraktaki organik madde miktarı,37
2015,toprağın su tutma kapasitesi,31
2015,toğrağa karbon gömme,16
2015,yenileyici tarım,16
2015,yeşil gübreleme,22
2016,agroekoloji,5
2016,arazi degradasyonu,3
2016,bütüncül biyolojik i̇zleme,13
2016,bütüncül planlı otlatma,7
2016,bütüncül yönetim,62
2016,canlandırıcı tarım,2
2016,doğa dostu tarım,3
2016,doğa temelli çözümler,8
2016,dönüm hattı tasarımı,1
2016,dönüşümlü ekim,1
2016,ekolojik onarım,21
2016,fukuoka doğal tarım yöntemi,7
2016,iklim dostu tarım,24
2016,insan dostu tarım,31
2016,i̇yi tarım uygulamları,6
2016,konvansiyonel hayvancılık,19
2016,meraların onarımı,14
2016,monokültür tarım,33
2016,onarıcı tarım,10
2016,onarım çağı,23
2016,organik tarım,52
2016,permakültür,52
2016,pestisit kullanımı,30
2016,planlı otlatma,5
2016,pozitif tarım,28
2016,savory enstitüsü,3
2016,sürdürülebilir tarım,52
2016,sürmesiz tarım,3
2016,toprak i̇şlemesiz tarım,16
2016,topraktaki organik madde miktarı,35
2016,toprağın su tutma kapasitesi,29
2016,toğrağa karbon gömme,12
2016,yenileyici tarım,19
2016,yeşil gübreleme,29
2016,yoğun otlatma,1
2017,agroekoloji,6
2017,arazi degradasyonu,2
2017,bütüncül planlı otlatma,5
2017,bütüncül yönetim,62
2017,canlandırıcı tarım,5
2017,doğa dostu tarım,7
2017,dönüm hattı tasarımı,2
2017,dönüşümlü ekim,4
2017,ekolojik onarım,25
2017,iklim dostu tarım,21
2017,insan dostu tarım,24
2017,i̇yi tarım uygulamları,3
2017,kompost özütü,1
2017,konvansiyonel hayvancılık,11
2017,meraların onarımı,15
2017,monokültür tarım,31
2017,onarıcı tarım,12
2017,onarım çağı,23
2017,organik tarım,60
2017,permakültür,55
2017,pestisit kullanımı,29
2017,planlı otlatma,9
2017,pozitif tarım,35
2017,savory enstitüsü,5
2017,sürdürülebilir tarım,52
2017,toprak i̇şlemesiz tarım,12
2017,topraktaki organik madde miktarı,26
2017,toprağın su tutma kapasitesi,1
2017,toğrağa karbon gömme,16
2017,yenileyici tarım,17
2017,yeşil gübreleme,24
2018,agroekoloji,13
2018,arazi degradasyonu,2
2018,bütüncül biyolojik i̇zleme,3
2018,bütüncül planlı otlatma,2
2018,bütüncül yönetim,60
2018,canlandırıcı tarım,1
2018,doğa dostu tarım,7
2018,doğa temelli çözümler,17
2018,dönüm hattı tasarımı,3
2018,dönüşümlü ekim,4
2018,ekolojik onarım,12
2018,fukuoka doğal tarım yöntemi,4
2018,iklim dostu tarım,32
2018,insan dostu tarım,44
2018,i̇yi tarım uygulamları,5
2018,kompost özütü,5
2018,konvansiyonel hayvancılık,29
2018,meraların onarımı,16
2018,monokültür tarım,40
2018,onarıcı tarım,6
2018,onarım çağı,32
2018,organik tarım,58
2018,permakültür,59
2018,pestisit kullanımı,35
2018,planlı otlatma,4
2018,pozitif tarım,33
2018,savory enstitüsü,1
2018,sürdürülebilir tarım,5
2018,sürmesiz tarım,1
2018,toprak i̇şlemesiz tarım,20
2018,topraktaki organik madde miktarı,21
2018,toprağın su tutma kapasitesi,2
2018,toğrağa karbon gömme,18
2018,yenileyici tarım,17
2018,yeşil gübreleme,27
2018,yoğun otlatma,2
2019,agroekoloji,36
2019,arazi degradasyonu,4
2019,bütüncül biyolojik i̇zleme,8
2019,bütüncül planlı otlatma,5
2019,bütüncül yönetim,69
2019,canlandırıcı tarım,1
2019,doğa dostu tarım,7
2019,doğa temelli çözümler,10
2019,dönüm hattı tasarımı,6
2019,dönüşümlü ekim,1
2019,ekolojik onarım,21
2019,fukuoka doğal tarım yöntemi,4
2019,iklim dostu tarım,43
2019,insan dostu tarım,45
2019,i̇yi tarım uygulamları,56
2019,kompost özütü,3
2019,konvansiyonel hayvancılık,25
2019,meraların onarımı,19
2019,monokültür tarım,69
2019,onarıcı tarım,21
2019,onarım çağı,29
2019,organik tarım,64
2019,permakültür,72
2019,pestisit kullanımı,66
2019,planlı otlatma,5
2019,pozitif tarım,42
2019,savory enstitüsü,10
2019,sürdürülebilir tarım,89
2019,sürmesiz tarım,1
2019,toprak i̇şlemesiz tarım,17
2019,topraktaki organik madde miktarı,28
2019,toprağın su tutma kapasitesi,3
2019,toğrağa karbon gömme,25
2019,yenileyici tarım,21
2019,yeşil gübreleme,24
2019,yoğun otlatma,1
2020,agroekoloji,45
2020,arazi degradasyonu,4
2020,bütüncül biyolojik i̇zleme,2
2020,bütüncül planlı otlatma,9
2020,bütüncül yönetim,71
2020,canlandırıcı tarım,5
2020,doğa dostu tarım,9
2020,doğa temelli çözümler,24
2020,dönüm hattı tasarımı,6
2020,dönüşümlü ekim,3
2020,ekolojik onarım,29
2020,fukuoka doğal tarım yöntemi,7
2020,iklim dostu tarım,16
2020,insan dostu tarım,67
2020,i̇yi tarım uygulamları,61
2020,kompost özütü,11
2020,konvansiyonel hayvancılık,31
2020,meraların onarımı,21
2020,monokültür tarım,59
2020,onarıcı tarım,45
2020,onarım çağı,22
2020,organik tarım,83
2020,permakültür,71
2020,pestisit kullanımı,63
2020,planlı otlatma,5
2020,pozitif tarım,48
2020,savory enstitüsü,7
2020,sürdürülebilir tarım,82
2020,sürmesiz tarım,1
2020,toprak i̇şlemesiz tarım,20
2020,topraktaki organik madde miktarı,22
2020,toprağın su tutma kapasitesi,44
2020,toğrağa karbon gömme,17
2020,yenileyici tarım,32
2020,yeşil gübreleme,17
2021,agroekoloji,70
2021,arazi degradasyonu,2
2021,bütüncül biyolojik i̇zleme,25
2021,bütüncül planlı otlatma,8
2021,bütüncül yönetim,111
2021,canlandırıcı tarım,4
2021,doğa dostu tarım,4
2021,doğa temelli çözümler,64
2021,dönüm hattı tasarımı,8
2021,dönüşümlü ekim,3
2021,ekolojik onarım,35
2021,fukuoka doğal tarım yöntemi,4
2021,iklim dostu tarım,23
2021,insan dostu tarım,70
2021,i̇yi tarım uygulamları,90
2021,kompost özütü,2
2021,konvansiyonel hayvancılık,34
2021,meraların onarımı,26
2021,monokültür tarım,88
2021,onarıcı tarım,67
2021,onarım çağı,42
2021,organik tarım,78
2021,permakültür,85
2021,pestisit kullanımı,75
2021,planlı otlatma,13
2021,pozitif tarım,67
2021,savory enstitüsü,5
2021,sürdürülebilir tarım,118
2021,sürmesiz tarım,1
2021,toprak i̇şlemesiz tarım,40
2021,topraktaki organik madde miktarı,41
2021,toprağın su tutma kapasitesi,62
2021,toğrağa karbon gömme,25
2021,yenileyici tarım,55
2021,yeşil gübreleme,42
2021,yoğun otlatma,1
